passenger_bucket,passenger_count,payment_type,pickup_hour,total_trips,total_fare,total_tip,avg_tip_percent,tip_range
1,1,1,18,1487481,19442829.03,4770248.67,24.5347458,20%+
1,1,1,17,1389136,19294431.99,4688315.63,24.298801,20%+
1,1,1,19,1342454,17489469.29,4275308.98,24.445047,20%+
1,1,1,16,1227921,18141926.84,4369732.1,24.0863726,20%+
1,1,1,15,1216811,18205100.06,4239917.51,23.2897237,20%+
1,1,1,14,1190252,17568281.28,4104193.4,23.3613826,20%+
1,1,1,20,1144999,15552996.2,3728918.25,23.975562,20%+
1,1,1,13,1110382,15899977.85,3729376.55,23.4552311,20%+
1,1,1,12,1104901,15441836.69,3616998.86,23.4233721,20%+
1,1,1,21,1078715,15085226.28,3611994.32,23.9439187,20%+
1,1,1,11,1037839,14226804.51,3340249.01,23.4785612,20%+
1,1,1,22,980635,14351807.45,3380028.99,23.5512426,20%+
1,1,1,10,975144,13091880.85,3073388.82,23.4755331,20%+
1,1,1,9,934627,12461346.47,2903754.48,23.3020925,20%+
1,1,1,8,859071,11660484.69,2665853.06,22.8622834,20%+
1,1,1,23,785392,11973044.58,2758669.18,23.0406657,20%+
1,1,1,7,647431,8993426.2,2035754.79,22.6360315,20%+
1,1,1,0,546803,8292202.03,1902409.45,22.9421503,20%+
1,1,1,1,358908,4927432.7,1141465.77,23.1655274,20%+
1,1,2,14,343722,4755696.67,113.8,0.0023929,0-5%
1,1,2,15,340014,4809902.84,97.94,0.0020362,0-5%
1,1,1,6,334356,5359994.72,1168426.76,21.7990282,20%+
1,1,2,13,328513,4397324.02,107.88,0.0024533,0-5%
1,1,2,12,322850,4229629.27,145.74,0.0034457,0-5%
1,1,2,16,317570,4544789.8,136.36,0.0030004,0-5%
1,1,2,17,309586,4343249.47,104.89,0.002415,0-5%
1,1,2,18,304366,4036075.52,149.37,0.0037009,0-5%
1,1,2,11,300841,3838100.97,74.21,0.0019335,0-5%
1,1,2,10,277350,3553576.87,137.45,0.0038679,0-5%
1,1,2,19,266852,3552283.22,111.73,0.0031453,0-5%
1,1,1,2,234805,3018129.08,706136.21,23.3964881,20%+
1,1,2,20,229648,3084784.22,137.09,0.0044441,0-5%
1,1,2,9,228970,2932913.91,97.16,0.0033127,0-5%
1,1,2,21,211310,2918327.6,87.68,0.0030045,0-5%
1,1,2,22,192256,2754481.56,67.8,0.0024614,0-5%
1,1,2,8,179056,2405892.16,87.58,0.0036402,0-5%
1,1,2,23,164086,2496956.63,31.4,0.0012575,0-5%
1,1,1,3,150033,2015168.12,462669.3,22.95934,20%+
1,1,2,7,141258,1946961.28,42.14,0.0021644,0-5%
1,1,2,0,122026,1875005.33,30.1,0.0016053,0-5%
1,1,1,5,117899,2461293.03,521574.9,21.1910932,20%+
1,1,1,4,92373,1669054.68,366113.96,21.9354084,20%+
1,1,2,6,90928,1321238.68,48.33,0.0036579,0-5%
1,1,2,1,78835,1178888.23,58.66,0.0049759,0-5%
1,1,2,2,55023,783594.42,8.26,0.0010541,0-5%
1,1,2,5,42726,705416.25,50.59,0.0071717,0-5%
1,1,2,3,40158,603679.07,11.02,0.0018255,0-5%
1,1,2,4,34182,548937.28,58.91,0.0107316,0-5%
1,1,3,15,4186,58387.97,1,0.0017127,0-5%
1,1,3,16,4171,57559.52,13.5,0.023454,0-5%
1,1,3,14,4158,54167.08,15.65,0.0288921,0-5%
1,1,3,13,4112,54591.1,7.28,0.0133355,0-5%
1,1,3,17,4043,54114.55,5.7,0.0105332,0-5%
1,1,3,18,3987,51546.84,2.17,0.0042098,0-5%
1,1,3,12,3945,49894.11,3.61,0.0072353,0-5%
1,1,3,19,3686,46589.99,2.79,0.0059884,0-5%
1,1,3,11,3646,45960.71,3.43,0.0074629,0-5%
1,1,3,10,3297,40898.87,3.05,0.0074574,0-5%
1,1,3,20,3231,40746.61,3.75,0.0092032,0-5%
1,1,4,19,3134,41695.92,81.22,0.1947912,0-5%
1,1,4,18,3129,42999.29,4,0.0093025,0-5%
1,1,4,17,3023,43317.98,128.21,0.2959741,0-5%
1,1,4,15,3013,45151.06,9.26,0.0205089,0-5%
1,1,3,21,2925,39221.73,0.24,0.0006119,0-5%
1,1,4,14,2924,41537.84,42.7,0.1027978,0-5%
1,1,4,16,2895,44555,26.56,0.0596117,0-5%
1,1,4,20,2873,39362.73,15.18,0.0385644,0-5%
1,1,3,9,2793,35031.9,1.25,0.0035682,0-5%
1,1,3,22,2740,37310.01,2.55,0.0068346,0-5%
1,1,4,13,2690,38183.86,25.95,0.0679607,0-5%
1,1,4,21,2591,35828.97,43.14,0.1204054,0-5%
1,1,4,22,2550,37538.67,15.54,0.0413973,0-5%
1,1,4,12,2544,34659.32,1.56,0.004501,0-5%
1,1,3,23,2529,33806.36,0,0,0-5%
1,1,4,11,2427,433457.79,2.47,0.0005698,0-5%
1,1,4,23,2399,34077.69,3.62,0.0106228,0-5%
1,1,3,8,2346,31236.59,9.53,0.0305091,0-5%
1,1,4,10,2229,29097.94,5,0.0171833,0-5%
1,1,3,0,2150,28808.11,11.81,0.0409954,0-5%
1,1,4,0,2045,29049.74,0.01,0.0000344,0-5%
1,1,3,7,1968,26242.63,1,0.0038106,0-5%
1,1,4,9,1831,23437.05,2.7,0.0115202,0-5%
1,1,3,1,1694,21943.21,0,0,0-5%
1,1,3,6,1528,19430.59,0,0,0-5%
1,1,4,8,1514,21248.35,1,0.0047062,0-5%
1,1,4,1,1463,20668.86,7.52,0.0363832,0-5%
1,1,3,2,1252,16478.27,1.56,0.009467,0-5%
1,1,4,7,1229,16103.75,2,0.0124195,0-5%
1,1,4,2,1092,13858.73,96,0.6927042,0-5%
1,1,3,3,972,13383.35,0,0,0-5%
1,1,4,6,919,14011.81,0,0,0-5%
1,1,3,5,810,12824.57,0.68,0.0053023,0-5%
1,1,3,4,808,11301.82,0,0,0-5%
1,1,4,3,787,10606.89,4.32,0.0407282,0-5%
1,1,4,4,757,11323,0,0,0-5%
1,1,4,5,565,9101.44,1.5,0.0164809,0-5%
1,1,5,16,1,8.5,0,0,0-5%
2,2,1,18,303701,4405010.97,1059334.27,24.0483912,20%+
2,2,1,19,286487,4025176.69,965543.3,23.9876004,20%+
2,2,1,17,283325,4537076.86,1076201.38,23.7201487,20%+
2,2,1,21,269488,3831634.22,907934.5,23.6957509,20%+
2,2,1,16,261616,4561926.31,1070100.92,23.4572163,20%+
2,2,1,20,259488,3677162.51,871357.67,23.6964689,20%+
2,2,1,15,258592,4509713.01,1029324.53,22.8246127,20%+
2,2,1,22,254528,3764813.02,878354.89,23.3306378,20%+
2,2,1,14,242357,4273304.83,977833.52,22.8823723,20%+
2,2,1,13,220644,3766092.58,867789.96,23.0421834,20%+
2,2,1,12,208960,3424835.17,794067.96,23.1855818,20%+
2,2,1,23,194821,3000929.05,686571.54,22.8786329,20%+
2,2,1,11,183974,2925770.72,684518.47,23.3961761,20%+
2,2,1,10,157546,2498290.03,584119.94,23.3807898,20%+
2,2,1,0,130066,2002500.68,453389.74,22.6411778,20%+
2,2,1,9,126357,2078862.81,481405.69,23.157165,20%+
2,2,1,8,109916,1899370.48,430365.94,22.6583463,20%+
2,2,1,1,86228,1192269.17,272240.88,22.8338438,20%+
2,2,2,14,84270,1420873.68,64.59,0.0045458,0-5%
2,2,2,15,84125,1426888.12,14.12,0.0009896,0-5%
2,2,2,16,81324,1393349.1,15.2,0.0010909,0-5%
2,2,2,13,79607,1289147.68,28.83,0.0022364,0-5%
2,2,2,18,79552,1188373.82,35.68,0.0030024,0-5%
2,2,2,17,78989,1298932.85,28.1,0.0021633,0-5%
2,2,1,7,75081,1443059.2,322242.83,22.3305343,20%+
2,2,2,12,74865,1163697.78,23.01,0.0019773,0-5%
2,2,2,19,71182,1038255.04,28.2,0.0027161,0-5%
2,2,2,11,66815,999870.56,30.35,0.0030354,0-5%
2,2,2,20,60211,863170.56,10.88,0.0012605,0-5%
2,2,2,21,59333,840087.41,6.84,0.0008142,0-5%
2,2,2,10,57509,862647.92,30.54,0.0035403,0-5%
2,2,1,2,55480,717660.67,163186.47,22.738667,20%+
2,2,2,22,52420,770631.93,14.52,0.0018842,0-5%
2,2,2,9,42111,653538.09,13.07,0.0019999,0-5%
2,2,2,23,40628,642802.24,9.02,0.0014032,0-5%
2,2,1,6,35656,917607.14,196671.71,21.4331059,20%+
2,2,1,3,33926,473533.16,105130.15,22.2012224,20%+
2,2,2,8,29636,517132.2,6.86,0.0013265,0-5%
2,2,2,0,27430,451589.67,18.55,0.0041077,0-5%
2,2,2,7,20148,398124.08,2,0.0005024,0-5%
2,2,1,4,18587,391394.64,84667,21.6321307,20%+
2,2,1,5,17260,503211.55,107766.63,21.4157704,20%+
2,2,2,1,16764,265087.81,4.56,0.0017202,0-5%
2,2,2,6,11854,267532.61,3.56,0.0013307,0-5%
2,2,2,2,10815,167201.09,0,0,0-5%
2,2,2,3,7563,123060.71,0,0,0-5%
2,2,2,5,6697,149191.81,0,0,0-5%
2,2,2,4,6053,117604.51,0,0,0-5%
2,2,3,16,917,17412.97,0,0,0-5%
2,2,3,15,900,16319.62,0,0,0-5%
2,2,3,18,896,13725.15,2.95,0.0214934,0-5%
2,2,3,19,858,12318.11,0.5,0.0040591,0-5%
2,2,3,17,847,14571.89,1,0.0068625,0-5%
2,2,3,14,830,15420.71,0,0,0-5%
2,2,3,13,829,15187.63,81.85,0.5389254,0-5%
2,2,3,20,723,10714.53,1.56,0.0145597,0-5%
2,2,4,18,723,12978.31,0,0,0-5%
2,2,4,19,715,10711.64,0,0,0-5%
2,2,3,12,701,12309.75,0,0,0-5%
2,2,3,22,663,10361.51,0,0,0-5%
2,2,3,21,655,9278.11,0,0,0-5%
2,2,4,22,650,9855.5,4.04,0.0409923,0-5%
2,2,4,20,643,10655.69,0,0,0-5%
2,2,4,17,635,11936.5,0,0,0-5%
2,2,4,21,632,9998.57,0,0,0-5%
2,2,4,16,622,11890.9,3.25,0.0273318,0-5%
2,2,3,11,622,11035.88,0,0,0-5%
2,2,3,23,577,8976.41,0,0,0-5%
2,2,4,15,568,11655.26,0,0,0-5%
2,2,4,13,560,10445.51,0,0,0-5%
2,2,4,23,536,8831.35,15,0.1698495,0-5%
2,2,3,10,531,9860.05,0,0,0-5%
2,2,4,14,515,9559.31,60,0.6276604,0-5%
2,2,4,12,510,8449.5,0,0,0-5%
2,2,4,0,428,7247.3,0,0,0-5%
2,2,3,0,423,6436.52,0,0,0-5%
2,2,4,11,408,7140.6,0,0,0-5%
2,2,4,10,383,6510.86,0,0,0-5%
2,2,3,9,371,7029.01,7.81,0.111111,0-5%
2,2,4,1,305,4711.5,0,0,0-5%
2,2,3,8,293,5951.8,0.46,0.0077288,0-5%
2,2,3,1,291,4196.53,0,0,0-5%
2,2,4,9,270,4981.5,0,0,0-5%
2,2,3,7,215,5072.55,0,0,0-5%
2,2,4,8,197,3632.59,0,0,0-5%
2,2,4,2,195,2867,0,0,0-5%
2,2,3,2,178,2626,0,0,0-5%
2,2,4,7,161,3214.51,0,0,0-5%
2,2,3,6,155,3409.3,0,0,0-5%
2,2,3,3,142,2272.5,0,0,0-5%
2,2,4,4,130,2625,0,0,0-5%
2,2,3,4,126,3282.04,0,0,0-5%
2,2,4,3,124,2101.22,0,0,0-5%
2,2,4,6,105,2376,0,0,0-5%
2,2,3,5,98,2136,0,0,0-5%
2,2,4,5,77,1719.5,0,0,0-5%
3-6,3,1,18,77229,1109095.75,263788.33,23.7840899,20%+
3-6,3,1,17,75860,1182764.51,276775.5,23.4007275,20%+
3-6,3,1,19,71831,986376.25,234671.75,23.7913017,20%+
3-6,3,1,15,70437,1188920.84,267852.11,22.5290113,20%+
3-6,3,1,16,70259,1181769.11,274211.62,23.2034852,20%+
3-6,3,1,20,64195,880544.37,208086.72,23.6315996,20%+
3-6,3,1,14,64069,1106947.67,248507.54,22.4498002,20%+
3-6,3,1,21,63838,887441.24,209777.47,23.6384631,20%+
3-6,3,1,22,58928,840130.23,195598.1,23.2818786,20%+
3-6,3,1,13,57405,969138.74,220350.08,22.7366909,20%+
3-6,3,1,12,53946,876080.23,201605.24,23.0121892,20%+
3-6,3,1,11,47750,751300.66,174923.12,23.2827055,20%+
3-6,3,1,23,47247,693789.65,157644.88,22.7222877,20%+
3-6,3,1,10,40404,635564.25,146624.76,23.0700138,20%+
3-6,5,1,18,35721,467928.85,116326.99,24.8599739,20%+
3-6,5,1,19,33503,429145.7,106555.18,24.8296045,20%+
3-6,5,1,17,33303,461595.5,114201.42,24.7405835,20%+
3-6,3,1,0,32951,473978.53,105620,22.2837098,20%+
3-6,3,1,9,32793,530883.16,121780.25,22.9391812,20%+
3-6,4,1,18,31697,492889.41,116379.56,23.6116982,20%+
3-6,4,1,17,31008,526581.68,122201.3,23.2065233,20%+
3-6,5,1,21,30939,409982.55,100782.13,24.5820536,20%+
3-6,5,1,20,30509,402073,98269.14,24.4406215,20%+
3-6,5,1,15,29629,446335.2,106423.01,23.8437412,20%+
3-6,4,1,19,29614,433690.94,102292.67,23.5865361,20%+
3-6,5,1,16,29287,437827.32,107595.38,24.5748438,20%+
3-6,4,1,16,29125,542892.19,123348.1,22.7205516,20%+
3-6,5,1,14,28308,422758.94,100754.67,23.8326527,20%+
3-6,3,1,8,28281,466385.22,105534.23,22.6281249,20%+
3-6,5,1,22,28249,389714,94203.53,24.1724778,20%+
3-6,4,1,15,28153,532086.29,117446.02,22.0727394,20%+
3-6,4,1,14,26307,500270.99,110485.73,22.0851763,20%+
3-6,4,1,21,26195,382705.71,89411.57,23.3630091,20%+
3-6,4,1,20,26052,382766.9,90144.94,23.5508713,20%+
3-6,5,1,13,25606,372609.45,89090.09,23.9097774,20%+
3-6,5,1,12,25542,357971.9,86151.42,24.0665315,20%+
3-6,3,2,15,24723,423879.44,8.55,0.0020171,0-5%
3-6,5,1,11,24504,335658.2,80956.78,24.1188149,20%+
3-6,4,1,22,24415,361537.63,83907.09,23.2083974,20%+
3-6,3,2,16,24244,419317.1,5.21,0.0012425,0-5%
3-6,4,1,13,23979,437248.18,98800.45,22.595966,20%+
3-6,3,2,17,23861,390811.93,5.35,0.0013689,0-5%
3-6,3,2,14,23707,408446.68,8.07,0.0019758,0-5%
3-6,3,2,18,23236,346992.98,16.25,0.0046831,0-5%
3-6,3,1,1,23153,300350.28,67769.32,22.5634283,20%+
3-6,5,1,23,22808,327897.95,77038.37,23.4946178,20%+
3-6,4,1,12,22532,397949.13,90415.4,22.7203412,20%+
3-6,5,1,10,22265,298118,72142.39,24.1992734,20%+
3-6,3,2,13,21748,359203.7,0,0,0-5%
3-6,6,1,18,21599,282994.86,70124.02,24.7792557,20%+
3-6,6,1,17,21217,299591.6,74581.91,24.8945264,20%+
3-6,5,1,9,20896,284362.93,68210.75,23.9872159,20%+
3-6,6,1,15,20608,308905.01,73311.31,23.7326387,20%+
3-6,3,2,19,20566,297181.66,5.86,0.0019719,0-5%
3-6,4,1,11,20368,343754.1,79019.9,22.9873331,20%+
3-6,6,1,14,20313,301290.6,71910.56,23.8675086,20%+
3-6,3,1,7,20191,355497.4,77801.64,21.8852909,20%+
3-6,3,2,12,20061,321282.32,8.84,0.0027515,0-5%
3-6,4,1,23,19803,297611.59,68148.99,22.8986344,20%+
3-6,6,1,19,19546,254531.45,62948.24,24.7310264,20%+
3-6,6,1,16,19362,285951.71,69980.3,24.4727685,20%+
3-6,6,1,13,18549,270944.85,64667.76,23.8674992,20%+
3-6,5,1,8,18447,257718.6,60336.25,23.4116785,20%+
3-6,6,1,12,18314,263800.5,63359.43,24.017934,20%+
3-6,4,1,10,17935,299638.13,68170.82,22.7510497,20%+
3-6,3,2,11,17668,275857.46,2.66,0.0009643,0-5%
3-6,3,2,20,17583,249130.34,9.56,0.0038373,0-5%
3-6,6,1,11,17486,251074.05,60396.29,24.0551702,20%+
3-6,6,1,20,17182,225951.5,55456.46,24.5435237,20%+
3-6,6,1,21,17171,231626.05,56847.51,24.5427965,20%+
3-6,3,2,21,16630,240800.7,3.54,0.0014701,0-5%
3-6,6,1,10,16585,232511,55853.37,24.0218183,20%+
3-6,6,1,22,16405,230280.66,55302.89,24.0154297,20%+
3-6,6,1,9,16038,219043.19,52998.92,24.1956484,20%+
3-6,5,1,0,15972,228416,53749.56,23.5314339,20%+
3-6,3,1,2,15753,196856.5,43761.31,22.2300559,20%+
3-6,3,2,10,15440,242912.93,0,0,0-5%
3-6,6,1,8,14920,207522.5,48799.82,23.5154357,20%+
3-6,4,1,9,14705,251585.99,57211.18,22.740209,20%+
3-6,3,2,22,14108,206012.21,12.45,0.0060433,0-5%
3-6,4,1,0,13750,208159.2,46648.82,22.4101649,20%+
3-6,4,2,16,13425,246503.19,0,0,0-5%
3-6,6,1,23,13395,192622,45504.55,23.6237553,20%+
3-6,4,2,17,13301,231953.44,5,0.0021556,0-5%
3-6,5,1,7,13156,191356,44075.38,23.0331842,20%+
3-6,4,2,15,13060,242734.72,0,0,0-5%
3-6,4,2,18,12819,205715.12,1,0.0004861,0-5%
3-6,4,2,14,12721,234650.6,4,0.0017047,0-5%
3-6,6,1,7,11934,171909.05,39623.71,23.0492286,20%+
3-6,4,2,19,11790,176584.75,0,0,0-5%
3-6,4,2,13,11654,208956.42,0,0,0-5%
3-6,4,1,8,11488,208689.63,46295.75,22.1840204,20%+
3-6,3,2,9,11488,188796.29,0,0,0-5%
3-6,3,2,23,11032,174713.01,0,0,0-5%
3-6,4,2,12,10957,188663.71,0,0,0-5%
3-6,5,1,1,10924,143730.5,34529.34,24.0236693,20%+
3-6,3,1,3,9948,136060.69,29737.07,21.8557395,20%+
3-6,4,2,11,9845,168979.51,2.66,0.0015742,0-5%
3-6,6,1,0,9615,137944.5,32815.65,23.7890238,20%+
3-6,4,2,20,9584,141516.98,5.7,0.0040278,0-5%
3-6,4,1,1,9378,127914.55,28596.58,22.3560025,20%+
3-6,4,2,21,8989,137932.21,12.31,0.0089247,0-5%
3-6,4,2,10,8946,146753.2,2.46,0.0016763,0-5%
3-6,5,2,14,8879,128136.2,0,0,0-5%
3-6,5,2,15,8803,127076.51,0,0,0-5%
3-6,3,1,6,8510,204276.87,43493.96,21.2916714,20%+
3-6,5,2,13,8146,113587,0,0,0-5%
3-6,4,1,7,8137,149808.56,33464.22,22.3379892,20%+
3-6,5,2,17,8122,114546,0,0,0-5%
3-6,5,2,18,8006,107906,0,0,0-5%
3-6,5,2,16,8002,118885.5,0,0,0-5%
3-6,4,2,22,7896,118820.2,0,0,0-5%
3-6,5,2,12,7806,104622.5,0,0,0-5%
3-6,3,2,8,7709,139673.73,0,0,0-5%
3-6,5,2,11,7599,100683.51,0,0,0-5%
3-6,3,2,0,7574,125502.33,2.16,0.0017211,0-5%
3-6,5,1,2,7264,89717,21850.55,24.3549717,20%+
3-6,5,2,19,7142,92463,0,0,0-5%
3-6,5,2,10,7043,92281.7,0,0,0-5%
3-6,6,1,1,6806,88025.5,20919.48,23.7652498,20%+
3-6,6,1,6,6683,117138,26625.45,22.7299851,20%+
3-6,5,2,20,6627,84540.5,0,0,0-5%
3-6,4,2,9,6532,110116.26,0,0,0-5%
3-6,5,2,21,6334,82481.5,0,0,0-5%
3-6,6,2,14,6243,90373.15,0,0,0-5%
3-6,5,1,6,6092,107452.5,24333.19,22.6455317,20%+
3-6,4,1,2,6085,77423.78,17511.42,22.6176247,20%+
3-6,6,2,13,6074,85481.3,0,0,0-5%
3-6,6,2,15,6016,87898.1,0,0,0-5%
3-6,6,2,12,5903,83447,0,0,0-5%
3-6,4,2,23,5796,93751.34,0,0,0-5%
3-6,5,2,22,5787,76801,0,0,0-5%
3-6,5,2,9,5621,76907.25,0,0,0-5%
3-6,6,2,11,5584,76352.5,0,0,0-5%
3-6,6,2,16,5371,80293.51,0,0,0-5%
3-6,3,2,7,5250,103994.2,0,0,0-5%
3-6,6,2,17,5223,75256.3,0,0,0-5%
3-6,6,2,10,5154,70632,0,0,0-5%
3-6,5,2,23,4989,73492,0,0,0-5%
3-6,3,1,4,4980,96227.55,20691.11,21.5022725,20%+
3-6,6,2,18,4797,65728.9,0,0,0-5%
3-6,6,1,2,4763,59085.5,14015.74,23.721116,20%+
3-6,3,2,1,4691,74426.79,0,0,0-5%
3-6,6,2,9,4336,59044,0,0,0-5%
3-6,6,2,19,4239,56306.8,0,0,0-5%
3-6,5,2,8,4197,61264.5,0,0,0-5%
3-6,5,1,3,4177,55139.5,13169.98,23.8848375,20%+
3-6,4,2,8,3916,78372.7,0,0,0-5%
3-6,3,1,5,3880,112555.67,23904.91,21.2382992,20%+
3-6,4,1,3,3853,51898.36,11752.63,22.6454747,20%+
3-6,4,2,0,3751,69123.74,0,0,0-5%
3-6,5,2,0,3705,54305,0,0,0-5%
3-6,4,1,6,3638,85440.5,18365.33,21.4948766,20%+
3-6,6,2,20,3625,46747.3,0,0,0-5%
3-6,6,2,8,3524,50440.5,0,0,0-5%
3-6,6,2,21,3503,45653,0,0,0-5%
3-6,6,2,22,3338,45403.4,0,0,0-5%
3-6,6,1,3,3175,41072.5,9681.09,23.5707347,20%+
3-6,5,2,7,3128,47245.5,0,0,0-5%
3-6,3,2,6,3063,68740.05,0,0,0-5%
3-6,3,2,2,2963,44030.5,2.83,0.0064274,0-5%
3-6,6,2,7,2885,44137,0,0,0-5%
3-6,6,2,23,2784,41472.7,0,0,0-5%
3-6,5,2,1,2510,35471.5,0,0,0-5%
3-6,4,2,7,2463,60668.01,0,0,0-5%
3-6,6,1,5,2381,56720.5,12371.82,21.8119022,20%+
3-6,5,1,4,2367,42339,9834.3,23.2275207,20%+
3-6,5,1,5,2201,48375.55,11294.44,23.3474141,20%+
3-6,3,2,3,2158,34866.18,0,0,0-5%
3-6,6,2,0,2138,31396.61,0,0,0-5%
3-6,4,2,1,2130,33328.48,0,0,0-5%
3-6,6,2,6,2048,33442.69,0,0,0-5%
3-6,6,1,4,1951,34825,8075.01,23.1873941,20%+
3-6,4,1,4,1863,39523.5,8350.07,21.1268486,20%+
3-6,5,2,2,1694,23594.5,0,0,0-5%
3-6,5,2,6,1662,27930.5,0,0,0-5%
3-6,3,2,4,1580,30742.29,0,0,0-5%
3-6,3,2,5,1557,37625.06,0,0,0-5%
3-6,6,2,1,1466,20438.6,0,0,0-5%
3-6,4,1,5,1451,44321.75,9232.15,20.8298409,20%+
3-6,4,2,2,1380,21288.66,0,0,0-5%
3-6,4,2,6,1360,32020.51,0,0,0-5%
3-6,5,2,3,1128,17262,0,0,0-5%
3-6,6,2,5,1024,18638.5,0,0,0-5%
3-6,6,2,2,916,12219.4,0,0,0-5%
3-6,4,2,3,904,14741.2,0,0,0-5%
3-6,5,2,4,885,14786.5,0,0,0-5%
3-6,5,2,5,795,15367.4,0,0,0-5%
3-6,6,2,3,783,11571.5,0,0,0-5%
3-6,6,2,4,746,11700.4,0,0,0-5%
3-6,4,2,4,673,14148.09,0,0,0-5%
3-6,4,2,5,666,17057.5,0,0,0-5%
3-6,3,3,16,291,5095.07,0,0,0-5%
3-6,3,3,18,280,3998,0,0,0-5%
3-6,3,3,15,273,4587.52,1.96,0.0427246,0-5%
3-6,3,3,17,272,4290.02,0,0,0-5%
3-6,3,3,14,270,5484.51,0,0,0-5%
3-6,3,3,19,267,3788.56,0,0,0-5%
3-6,3,3,13,252,4461.54,0,0,0-5%
3-6,3,3,20,247,3817.01,0,0,0-5%
3-6,3,3,12,213,3354.08,5.44,0.1621905,0-5%
3-6,3,3,11,192,3210.21,0,0,0-5%
3-6,3,3,21,191,2453.5,0,0,0-5%
3-6,3,4,16,187,3330.01,0,0,0-5%
3-6,3,4,18,186,3469.42,0,0,0-5%
3-6,3,4,21,178,2274,0,0,0-5%
3-6,3,3,22,174,2727.51,0,0,0-5%
3-6,3,4,19,163,2880.07,0,0,0-5%
3-6,3,4,17,160,2860.51,0,0,0-5%
3-6,3,4,15,160,3690.51,1.86,0.0503995,0-5%
3-6,3,3,23,155,2417.5,0,0,0-5%
3-6,3,4,22,150,1869,0,0,0-5%
3-6,3,4,20,147,2114,0,0,0-5%
3-6,3,4,14,147,3151.01,0,0,0-5%
3-6,3,3,10,144,2457,0,0,0-5%
3-6,4,3,18,136,2766.1,0,0,0-5%
3-6,4,3,20,124,1879.5,0,0,0-5%
3-6,4,3,16,122,2308.01,0,0,0-5%
3-6,4,3,19,121,1879.51,0,0,0-5%
3-6,4,3,17,121,2305.74,0,0,0-5%
3-6,4,3,14,121,2249.5,0,0,0-5%
3-6,4,3,12,120,2052.02,0,0,0-5%
3-6,4,3,13,120,2269.5,0,0,0-5%
3-6,3,4,13,120,2608.5,0,0,0-5%
3-6,3,3,0,118,2077.01,0,0,0-5%
3-6,3,4,12,116,2691.51,0,0,0-5%
3-6,3,3,9,113,397672.94,0,0,0-5%
3-6,3,4,11,110,1850.5,0,0,0-5%
3-6,3,4,23,105,1462.5,0,0,0-5%
3-6,4,4,16,102,2343.71,0,0,0-5%
3-6,4,4,19,99,1755,0,0,0-5%
3-6,3,4,0,98,1713,0,0,0-5%
3-6,4,4,17,97,2167,0,0,0-5%
3-6,4,4,18,96,1697.51,0,0,0-5%
3-6,3,3,8,95,1672.5,0,0,0-5%
3-6,4,3,10,94,1667.16,0,0,0-5%
3-6,4,3,21,93,1522,0,0,0-5%
3-6,4,3,15,93,2146.5,0,0,0-5%
3-6,4,4,14,88,1864.5,0,0,0-5%
3-6,4,3,11,84,1418.5,0,0,0-5%
3-6,4,4,15,82,1846,0,0,0-5%
3-6,4,4,21,80,1186,0,0,0-5%
3-6,3,3,1,79,1159,0,0,0-5%
3-6,4,3,22,79,1307.5,0,0,0-5%
3-6,4,4,20,77,1045.5,0,0,0-5%
3-6,3,4,10,76,1197.5,0,0,0-5%
3-6,4,3,23,75,917.02,0,0,0-5%
3-6,4,4,13,74,1996.73,0,0,0-5%
3-6,3,4,9,73,1467.5,0,0,0-5%
3-6,3,3,7,66,1735.5,0,0,0-5%
3-6,3,4,1,66,1017.5,0,0,0-5%
3-6,4,4,22,63,1153.5,0,0,0-5%
3-6,4,3,9,61,1316.5,0,0,0-5%
3-6,4,4,12,59,1115.3,0,0,0-5%
3-6,3,4,2,58,723.5,0,0,0-5%
3-6,4,4,23,55,918.5,0,0,0-5%
3-6,3,3,2,55,806.5,0,0,0-5%
3-6,4,4,11,53,1023.6,0,0,0-5%
3-6,4,4,10,47,832.5,0,0,0-5%
3-6,3,3,3,46,732.5,0,0,0-5%
3-6,3,3,4,41,894,0,0,0-5%
3-6,4,4,9,40,866.17,0,0,0-5%
3-6,3,4,8,39,808.5,0,0,0-5%
3-6,4,4,0,38,656.5,0,0,0-5%
3-6,4,3,0,36,377.01,0,0,0-5%
3-6,4,3,8,35,674,0,0,0-5%
3-6,3,4,3,34,636,0,0,0-5%
3-6,4,3,1,29,378.5,0,0,0-5%
3-6,4,4,8,29,545.5,0,0,0-5%
3-6,3,4,4,27,588.51,0,0,0-5%
3-6,6,3,15,26,240.5,0,0,0-5%
3-6,4,4,1,26,347.5,0,0,0-5%
3-6,3,3,6,24,589,0,0,0-5%
3-6,4,4,2,23,350,0,0,0-5%
3-6,4,3,7,23,761.73,0,0,0-5%
3-6,4,3,2,23,276.5,0,0,0-5%
3-6,3,4,7,22,600,0,0,0-5%
3-6,3,3,5,21,510,0,0,0-5%
3-6,4,3,3,21,257,0,0,0-5%
3-6,6,3,16,19,198,0,0,0-5%
3-6,6,3,19,17,241.5,0,0,0-5%
3-6,5,4,13,17,87,0,0,0-5%
3-6,4,3,4,17,260,0,0,0-5%
3-6,5,4,19,17,134.5,0,0,0-5%
3-6,5,3,19,17,73.5,0,0,0-5%
3-6,3,4,6,16,358,0,0,0-5%
3-6,5,4,20,15,98,0,0,0-5%
3-6,3,4,5,15,286,0,0,0-5%
3-6,5,3,17,15,111,0,0,0-5%
3-6,5,4,22,15,74.5,0,0,0-5%
3-6,4,3,6,14,222.52,0,0,0-5%
3-6,5,3,18,14,262.5,0,0,0-5%
3-6,6,3,18,14,139,0,0,0-5%
3-6,5,4,17,14,75,0,0,0-5%
3-6,5,3,13,13,330.23,0,0,0-5%
3-6,4,4,4,13,358.87,0,0,0-5%
3-6,5,3,15,13,109.5,0,0,0-5%
3-6,4,4,3,13,177.5,0,0,0-5%
3-6,5,3,14,13,262.56,1,0.3808653,0-5%
3-6,6,3,14,13,173,0,0,0-5%
3-6,5,4,15,12,168,0,0,0-5%
3-6,4,3,5,12,375.5,0,0,0-5%
3-6,5,3,20,12,141,0,0,0-5%
3-6,6,3,22,12,156.5,0,0,0-5%
3-6,4,4,6,12,297,0,0,0-5%
3-6,5,4,18,12,104.5,1.86,1.7799043,0-5%
3-6,6,3,17,12,82.01,0,0,0-5%
3-6,6,3,20,11,140.5,0,0,0-5%
3-6,5,4,23,11,50.5,0,0,0-5%
3-6,6,3,23,10,92,0,0,0-5%
3-6,5,4,14,10,48,0,0,0-5%
3-6,5,3,0,10,46.5,0,0,0-5%
3-6,5,3,11,10,164,0,0,0-5%
3-6,4,4,7,9,242,0,0,0-5%
3-6,5,3,16,9,183,0,0,0-5%
3-6,6,3,12,9,69,0,0,0-5%
3-6,5,3,1,9,82,0,0,0-5%
3-6,5,4,0,9,35,0,0,0-5%
3-6,5,3,9,8,83.5,0,0,0-5%
3-6,6,3,2,8,37.5,0,0,0-5%
3-6,5,4,21,8,70.5,0,0,0-5%
3-6,5,3,23,8,87,0,0,0-5%
3-6,5,4,2,8,35.5,0,0,0-5%
3-6,6,3,21,8,116.5,0,0,0-5%
3-6,5,3,22,8,75.5,0,0,0-5%
3-6,5,3,12,7,91,0,0,0-5%
3-6,5,4,16,7,41,0,0,0-5%
3-6,5,3,10,7,40,0,0,0-5%
3-6,5,4,10,7,72,0,0,0-5%
3-6,6,3,0,7,63.5,0,0,0-5%
3-6,5,3,21,7,30.5,0,0,0-5%
3-6,5,3,2,7,19.5,0,0,0-5%
3-6,5,4,3,6,74,0,0,0-5%
3-6,5,3,4,6,19,0,0,0-5%
3-6,5,4,8,6,22.5,0,0,0-5%
3-6,5,4,12,6,71,0,0,0-5%
3-6,5,3,7,6,67,0,0,0-5%
3-6,5,4,1,6,25,0,0,0-5%
3-6,6,3,11,6,70.5,0,0,0-5%
3-6,6,3,9,6,39,0,0,0-5%
3-6,5,4,4,6,20,0,0,0-5%
3-6,6,4,18,6,108.5,0,0,0-5%
3-6,5,4,11,5,25,0,0,0-5%
3-6,6,4,13,5,35,0,0,0-5%
3-6,6,3,10,5,89,0,0,0-5%
3-6,5,3,3,5,16.5,0,0,0-5%
3-6,6,4,15,5,55,0,0,0-5%
3-6,6,3,13,5,38,0,0,0-5%
3-6,5,4,9,4,66.5,0,0,0-5%
3-6,6,4,16,4,148,0,0,0-5%
3-6,5,4,5,4,13.5,0,0,0-5%
3-6,6,3,7,4,11.5,0,0,0-5%
3-6,4,4,5,4,692.5,0,0,0-5%
3-6,6,3,1,4,17,0,0,0-5%
3-6,6,4,20,4,63.5,0,0,0-5%
3-6,6,4,14,3,19,0,0,0-5%
3-6,6,3,8,3,13.5,0,0,0-5%
3-6,6,4,9,3,23,0,0,0-5%
3-6,5,3,5,3,29.5,0,0,0-5%
3-6,6,4,7,3,14,0,0,0-5%
3-6,6,4,11,3,70.5,0,0,0-5%
3-6,6,4,17,3,16.5,0,0,0-5%
3-6,6,4,12,3,49,0,0,0-5%
3-6,6,4,21,2,14.5,0,0,0-5%
3-6,6,4,0,2,6,0,0,0-5%
3-6,6,4,8,2,22.5,0,0,0-5%
3-6,5,3,6,2,7.5,0,0,0-5%
3-6,6,3,6,2,6.5,0,0,0-5%
3-6,6,4,19,2,36,0,0,0-5%
3-6,6,4,10,2,7,0,0,0-5%
3-6,6,4,23,2,17.5,0,0,0-5%
3-6,5,4,7,2,10.5,0,0,0-5%
3-6,6,4,22,2,12,0,0,0-5%
3-6,5,3,8,2,54.5,0,0,0-5%
3-6,6,4,3,1,5.5,0,0,0-5%
3-6,6,3,5,1,2.5,0,0,0-5%
3-6,6,3,4,1,52,0,0,0-5%
3-6,6,4,1,1,3.5,0,0,0-5%
3-6,6,3,3,1,3.5,0,0,0-5%